id,genres,title,production_countries,type,release_year,runtime,tmdb_popularity,tmdb_score
tm92641,scifi/music/thriller/action,Inception,GB/US,MOVIE,2010,148,109.09,8.4
tm39030,thriller/action/european,Casino Royale,GB/US/BS/CZ/DE,MOVIE,2006,139,41.332,7.5
tm78592,thriller/crime/drama,Michael Clayton,US,MOVIE,2007,120,11.418,6.7
tm86803,drama,The Social Network,US,MOVIE,2010,121,33.023,7.3
tm35463,drama/crime,Blow,US,MOVIE,2001,124,19.789,7.4
tm84371,thriller/action/drama,Shooter,US,MOVIE,2007,124,42.882,7.1
tm139658,drama/fantasy/romance,Big Fish,US,MOVIE,2003,125,21.904,7.8
tm131038,crime/drama/history/action/european,Public Enemies,US,MOVIE,2009,143,111.535,6.7
tm154187,crime/action/thriller,Sherlock Holmes,GB/US/AU/DE,MOVIE,2009,129,28.317,7.2
tm133767,drama/comedy/romance,Love Actually,GB/US,MOVIE,2003,139,21.297,7.1
tm148270,romance/drama/comedy,Somethings Gotta Give,US,MOVIE,2003,128,15.068,6.6
tm133374,drama/sport,The Blind Side,US,MOVIE,2009,129,63.816,7.7
tm76066,drama,Into the Wild,US,MOVIE,2007,140,15.658,7.8
tm84906,fantasy/romance/family,Stardust,US/IS/GB,MOVIE,2007,122,17.538,7.2
tm142086,drama/history/war/action,The Last Samurai,NZ/JP/US,MOVIE,2003,154,33.643,7.5
tm195620,drama/war/thriller/horror,Apocalypse Now Redux,US,MOVIE,2001,196,4.147341,9.8
tm32919,thriller/drama,Blood Diamond,US/DE,MOVIE,2006,143,40.209,7.5
tm40009,drama/crime/history/thriller,21,US,MOVIE,2008,123,40.786,6.7
tm159310,drama/sport/european,Coach Carter,US/DE,MOVIE,2005,130,26.022,7.5
tm88045,drama/comedy/romance,How Do You Know,US,MOVIE,2010,121,11.864,5.3
tm176528,drama/romance/european,Memoirs of a Geisha,FR/JP/US,MOVIE,2005,145,25.556,7.7
tm36188,drama/action/thriller,Body of Lies,GB/US,MOVIE,2008,128,16.693,6.6
tm142564,comedy/drama,3 Idiots,IN,MOVIE,2009,170,49.398,8.0
tm137342,drama/thriller/war/action,Tears of the Sun,US,MOVIE,2003,121,33.904,6.8
tm55303,drama,I Am Sam,US,MOVIE,2001,132,18.529,7.6
ts15986,scifi/thriller/comedy/drama/horror/european,Dead Set,GB,SHOW,2008,141,9.747,7.3
tm36644,thriller/history/drama,World Trade Center,US,MOVIE,2006,129,15.774,6.1
tm43399,drama/romance/sport,Lagaan: Once Upon a Time in India,IN,MOVIE,2001,224,7.249,7.3
tm186461,music/documentation,No Direction Home: Bob Dylan,GB/US/JP,MOVIE,2005,208,8.676,7.7
tm83786,drama/family,Like Stars on Earth,IN,MOVIE,2007,165,12.931,8.0
tm36475,drama/romance,Kabhi Khushi Kabhie Gham,IN,MOVIE,2001,210,8.47,7.9
tm29269,romance/history/war/action/drama,Jodhaa Akbar,IN,MOVIE,2008,213,7.96,7.4
tm73058,comedy/drama/fantasy/romance/thriller/action,Om Shanti Om,IN,MOVIE,2007,162,9.639,7.0
tm76835,comedy/drama/romance,Jab We Met,IN,MOVIE,2007,138,10.991,7.4
tm176297,comedy,Kyaa Kool Hai Hum,IN,MOVIE,2005,172,2.81,4.9
tm156575,drama/comedy,Billu,IN,MOVIE,2009,137,7.659,6.5
tm61056,drama/comedy/romance,Dil Chahta Hai,IN,MOVIE,2001,183,9.318,7.0
tm32915,drama/comedy/crime,EMI,IN,MOVIE,2008,128,1.452,7.0
tm54147,drama/comedy/romance,Dostana,US/IN,MOVIE,2008,145,6.172,6.2
tm30170,thriller/crime/action/european,Don,IN,MOVIE,2006,178,7.261,7.1
tm37945,drama/music,Rock On!!,IN,MOVIE,2008,144,4.435,6.9
tm83175,romance/crime/comedy,Welcome,IN,MOVIE,2007,160,9.285,6.5
tm22540,comedy/crime,Phir Hera Pheri,IN,MOVIE,2006,155,6.023,6.4
tm32885,comedy/drama/history/crime,Rang De Basanti,IN,MOVIE,2006,157,8.761,7.2
tm82765,drama/european,Swades,IN/US,MOVIE,2004,189,7.152,7.4
tm170169,thriller/scifi/horror,Kaal,IN,MOVIE,2005,127,2.952,4.3
tm146887,drama/comedy,Delhi-6,IN,MOVIE,2009,141,3.091,5.8
tm144345,drama/comedy/romance,Kal Ho Naa Ho,IN,MOVIE,2003,186,10.229,7.5
tm70222,drama/crime/thriller/action,Sivaji: The Boss,IN,MOVIE,2007,189,5.544,7.0
tm98975,drama/romance,Guzaarish,IN,MOVIE,2010,126,7.257,7.4
tm25842,documentation,A Lion in the House,US,MOVIE,2006,225,2.821,6.5
tm43179,comedy/drama/action/crime,Oye Lucky! Lucky Oye!,IN,MOVIE,2008,126,4.18,6.9
tm23441,drama/romance,Kabhi Alvida Naa Kehna,IN,MOVIE,2006,193,8.285,6.4
tm86051,crime/action/drama/history,Black Friday,IN,MOVIE,2004,143,7.425,7.4
tm23077,drama/family/romance,Vivah,IN,MOVIE,2006,175,5.736,6.4
tm31335,comedy/crime,Golmaal Returns,IN,MOVIE,2008,135,3.325,4.9
tm165809,drama/comedy/romance/thriller/crime,Bluffmaster!,IN,MOVIE,2005,137,3.463,5.8
tm96168,thriller/crime/drama/romance/action,Once Upon a Time in Mumbaai,IN,MOVIE,2010,132,4.19,6.6
tm72587,romance/documentation/drama/european,Guru,IN,MOVIE,2007,166,5.319,6.8
tm88366,drama/romance/thriller/action/comedy,Main Hoon Na,IN,MOVIE,2004,179,8.106,6.9
tm164389,fantasy/drama/romance/comedy,Paheli,IN,MOVIE,2005,141,5.94,6.3
tm149209,drama/crime/action/thriller,Kaminey,IN,MOVIE,2009,135,5.741,6.8
tm82718,scifi/comedy,G.O.R.A.,TR,MOVIE,2004,127,6.948,7.2
tm39557,drama/comedy/romance,Jaane Tu... Ya Jaane Na,IN,MOVIE,2008,155,9.183,6.8
tm164591,action/drama/crime,Apaharan,IN,MOVIE,2005,173,2.43,6.3
tm29731,comedy/drama/romance,Chup Chup Ke,IN,MOVIE,2006,165,4.791,6.1
tm80455,thriller/crime/drama,Manorama Six Feet Under,IN,MOVIE,2007,137,3.637,6.5
tm129971,romance/drama,Luck by Chance,IN,MOVIE,2009,155,3.986,6.6
tm41953,comedy,Tim Minchin: So F**king Rock Live,GB,MOVIE,2008,127,2.761,6.9
tm103133,thriller/drama/romance,Karthik Calling Karthik,IN,MOVIE,2010,135,4.449,6.3
tm155761,action/comedy/romance,Ajab Prem Ki Ghazab Kahani,IN,MOVIE,2009,150,5.874,6.1
tm75544,drama/sport/thriller,Dhan Dhana Dhan Goal,IN,MOVIE,2007,167,4.743,5.3
tm93004,action/drama/thriller,Yuva,IN,MOVIE,2004,161,3.804,6.4
tm78790,comedy/drama/romance,Namastey London,IN,MOVIE,2007,131,6.895,6.2
tm44530,romance/drama,Fashion,IN,MOVIE,2008,167,5.145,6.3
tm96595,drama/romance/war/action,Lakshya,IN,MOVIE,2004,186,5.649,6.6
tm97982,drama/comedy/crime,Do Dooni Chaar,IN,MOVIE,2010,146,1.813,6.4
tm27484,romance/comedy/drama,Kismat Konnection,IN,MOVIE,2008,153,5.272,4.9
tm145243,comedy/drama/romance,Wake Up Sid,IN,MOVIE,2009,138,5.773,7.1
tm77348,drama/comedy/romance,Life in a Metro,IN,MOVIE,2007,124,4.304,6.4
tm111226,action/comedy/crime/drama/thriller,Awara Paagal Deewana,IN,MOVIE,2002,169,5.361,5.5
tm237621,horror/thriller,The Figurine (Araromire),NG,MOVIE,2009,122,2.064,4.3
tm152724,thriller/action/crime/drama/romance/sport,Kurbaan,IN,MOVIE,2009,161,2.969,4.6
tm129763,comedy/drama,Anbe Sivam,IN,MOVIE,2003,160,5.861,7.5
tm130301,drama/crime/action,Gangaajal,IN,MOVIE,2003,157,3.218,6.3
tm141117,comedy/drama/romance,Chalte Chalte,IN,MOVIE,2003,175,9.044,6.2
tm134140,drama/comedy/romance,Ishq Vishk,IN,MOVIE,2003,145,1.569,5.8
tm114504,drama/history/action,The Legend of Bhagat Singh,IN,MOVIE,2002,155,4.417,6.9
tm33067,drama/action/thriller/crime/comedy,Race,IN,MOVIE,2008,161,5.615,6.1
tm103732,drama,Udaan,IN,MOVIE,2010,138,6.118,7.3
tm101609,drama/thriller/crime,Raajneeti,IN,MOVIE,2010,167,4.779,6.2
tm112235,drama/war/action,Kannathil Muthamittal,IN,MOVIE,2002,137,3.108,7.3
tm101540,comedy,Well Done Abba,IN,MOVIE,2010,144,1.267,5.3
tm134407,drama/romance/comedy,Dev.D,IN,MOVIE,2009,144,5.614,6.9
tm85689,thriller/drama/horror,Krishna Cottage,IN,MOVIE,2004,124,2.405,5.5
tm368679,documentation,Madness in the Desert,IN,MOVIE,2004,141,1.951,7.0
tm91323,drama/romance/comedy,I Hate Luv Storys,IN,MOVIE,2010,129,6.08,5.9
tm36636,comedy/drama/thriller,C Kkompany,IN,MOVIE,2008,130,2.021,5.7
tm52176,comedy/drama,Welcome to Sajjanpur,IN,MOVIE,2008,134,1.439,5.6
tm42831,comedy/action/drama/fantasy,Kyo Kii... Main Jhuth Nahin Bolta,IN,MOVIE,2001,149,2.66,5.4
tm254052,horror/thriller/drama/romance,Kucch To Hai,IN,MOVIE,2003,142,2.573,4.3
tm99450,drama/romance/comedy,Break Ke Baad,IN,MOVIE,2010,120,3.898,5.8
tm97325,drama/comedy,Tum Milo Toh Sahi,IN,MOVIE,2010,127,1.772,5.5
tm95507,drama/music/romance/comedy,Chance Pe Dance,IN,MOVIE,2010,121,2.548,5.3
tm46867,drama/family/comedy,Kuselan,IN,MOVIE,2008,160,1.91,6.3
tm84316,crime/action/history,Shootout at Lokhandwala,IN,MOVIE,2007,145,5.821,6.5
ts19384,documentation,A Lion in the House,US,SHOW,2006,225,1.271,7.5
tm130999,comedy/drama,Dhoondte Reh Jaaoge,IN,MOVIE,2009,135,1.782,4.5
tm311516,romance/comedy/drama,Koi Aap Sa,IN,MOVIE,2005,142,1.917,7.3
tm148041,comedy/drama/romance,Whats Your Raashee?,IN,MOVIE,2009,192,2.94,4.9
tm152413,drama,Talentime,MY,MOVIE,2009,120,1.542,4.8
tm21956,comedy/thriller,Anthony Kaun Hai?,TH/IN,MOVIE,2006,127,1.209,5.6
tm57586,action/drama/thriller,Mission Istaanbul,IN,MOVIE,2008,125,2.012,3.3
tm91125,romance/action/crime/drama/thriller,Fida,IN,MOVIE,2004,122,2.821,5.3
tm88343,thriller/comedy/drama/romance,Perazhagan,IN,MOVIE,2004,148,2.778,6.6
tm628693,drama,"Do Paise Ki Dhoop, Chaar Aane Ki Baarish",IN,MOVIE,2009,121,1.4,6.3
tm41792,western/drama,Django Unchained,US,MOVIE,2012,165,56.588,8.1
tm60292,drama/thriller,Argo,US/GB,MOVIE,2012,120,17.419,7.3
tm166548,drama/action/sport,Warrior,US,MOVIE,2011,140,74.092,7.8
tm32982,drama/romance/history/war,Les Misérables,GB/US,MOVIE,2012,157,18.0,7.3
tm161802,crime/thriller/drama,The Girl with the Dragon Tattoo,NO/SE/US,MOVIE,2011,158,23.091,7.4
tm72140,scifi/thriller/action/documentation,Battleship,US,MOVIE,2012,131,44.046,5.8
tm178201,crime/thriller/action,Sherlock Holmes: A Game of Shadows,US/GB,MOVIE,2011,129,47.884,7.1
tm59428,drama/romance/comedy,Silver Linings Playbook,US,MOVIE,2012,122,26.254,7.1
tm74848,thriller/scifi/crime/action,Total Recall,CA/US,MOVIE,2012,120,76.648,6.0
tm40319,thriller/action/crime/drama,Savages,US,MOVIE,2012,131,16.038,6.4
tm62210,drama/war/action/history,Rurouni Kenshin Part I: Origins,JP,MOVIE,2012,134,26.614,7.6
tm182586,drama,Silenced,KR,MOVIE,2011,125,15.56,8.1
tm182125,comedy/drama,Zindagi Na Milegi Dobara,IN,MOVIE,2011,166,9.707,7.5
tm53625,documentation,Inventing David Geffen,NaN,MOVIE,2012,120,2.015,7.8
tm164353,drama/action/crime,Singham,IN,MOVIE,2011,143,7.268,6.7
tm165712,comedy/music,Tim Minchin and the Heritage Orchestra: Live at the Royal Albert Hall,GB,MOVIE,2011,146,2.631,7.3
tm68436,drama/comedy/romance,Barfi!,IN,MOVIE,2012,151,9.311,7.5
tm176111,drama/comedy/romance,The Great Magician,CN/HK,MOVIE,2011,128,3.909,6.2
tm177958,romance/comedy/drama/european,Pyaar Ka Punchnama,IN,MOVIE,2011,149,5.152,7.0
tm183037,action/thriller/crime/european,Don 2,DE/IN,MOVIE,2011,139,7.283,7.0
tm178106,drama/comedy/family,Chillar Party,IN,MOVIE,2011,140,4.453,7.0
tm175909,drama/comedy,The Dirty Picture,IN,MOVIE,2011,144,4.903,6.2
tm74031,drama/comedy,Kyaa Super Kool Hain Hum,IN,MOVIE,2012,137,3.402,5.1
tm57610,thriller/crime/fantasy/drama,Talaash,IN,MOVIE,2012,149,9.306,6.8
tm59289,crime/action/comedy,Rowdy Rathore,IN,MOVIE,2012,143,6.366,6.0
tm47171,fantasy/drama/comedy,OMG: Oh My God!,IN,MOVIE,2012,125,7.489,7.3
tm174518,drama/romance/action/comedy,Bodyguard,IN,MOVIE,2011,134,7.043,5.3
tm180532,action/crime/thriller/drama,Shaitan,IN,MOVIE,2011,126,2.735,6.4
tm35700,drama/sport/thriller/action/crime,Paan Singh Tomar,IN,MOVIE,2012,135,5.204,7.4
tm172883,thriller/drama/action/crime/european,Game,IN,MOVIE,2011,135,3.996,5.1
tm71992,thriller/action,Grandmaster,IN,MOVIE,2012,130,3.149,6.5
tm160021,drama/romance,A Beautiful Life,CN/HK,MOVIE,2011,122,11.477,6.6
tm54371,action,Mugamoodi,IN,MOVIE,2012,162,3.43,5.0
tm38013,thriller/crime/action,Players,IN,MOVIE,2012,165,7.419,5.2
tm39606,romance/drama/comedy,Tere Naal Love Ho Gaya,IN,MOVIE,2012,126,2.419,6.2
tm66725,comedy,Kalakalappu,IN,MOVIE,2012,149,2.858,6.5
tm159593,crime/drama/thriller,No One Killed Jessica,IN,MOVIE,2011,136,4.115,6.7
tm34746,comedy,Luv Shuv Tey Chicken Khurana,IN,MOVIE,2012,140,2.236,6.3
tm31948,thriller/crime/drama,26 Years,KR,MOVIE,2012,135,4.501,7.0
tm179451,thriller/comedy/drama,7 Khoon Maaf,IN,MOVIE,2011,148,5.396,6.3
tm30278,thriller/action,Vettai,IN,MOVIE,2012,150,2.302,6.7
tm34142,thriller/action/crime,Department,IN,MOVIE,2012,141,3.184,6.0
tm38331,romance/drama,The Mistress,PH,MOVIE,2012,125,3.44,5.9
tm98735,NaN,X Large,NaN,MOVIE,2011,135,0.904,6.0
tm44615,comedy/family/sport/drama,Ferrari Ki Sawaari,IN,MOVIE,2012,140,4.247,6.2
tm70652,action/thriller,Thaandavam,IN,MOVIE,2012,167,1.635,5.5
tm42306,comedy/romance,Aiyyaa,IN,MOVIE,2012,146,2.265,5.1
tm69915,drama,Heroine,IN,MOVIE,2012,140,5.202,5.0
tm57256,comedy,Husbands in Goa,IN,MOVIE,2012,150,2.517,4.4
tm165932,thriller/action,Muran,IN,MOVIE,2011,134,1.005,6.3
tm169422,drama/romance/scifi,Her,US,MOVIE,2013,126,29.436,7.9
tm169719,drama/sport,42,US,MOVIE,2013,128,13.936,7.1
tm176864,drama/action/sport/european,Rush,US/DE/GB,MOVIE,2013,123,34.763,7.7
tm237143,fantasy/family/comedy,Shrek the Musical,US,MOVIE,2013,130,15.817,7.3
tm176630,drama/european,The Butler,US,MOVIE,2013,132,12.932,7.4
tm141648,fantasy/action,Seventh Son,US/GB/CN/CA,MOVIE,2014,120,49.025,5.5
tm144121,drama/music,Get on Up,US,MOVIE,2014,139,9.246,6.7
tm469911,drama/crime/european,Bonnie & Clyde,AT,MOVIE,2013,240,0.933,7.5
tm172710,documentation,We Steal Secrets: The Story of WikiLeaks,US,MOVIE,2013,162,6.838,6.6
tm147913,comedy/drama/romance/fantasy/scifi,PK,IN,MOVIE,2014,153,9.887,7.7
tm2269,comedy/documentation/drama/european,Selfie,RO,MOVIE,2014,123,2.574,6.3
tm176481,romance/comedy/drama/action,Chennai Express,IN,MOVIE,2013,141,9.481,6.6
tm168685,thriller/action,The Berlin File,KR,MOVIE,2013,120,7.945,6.7
tm182969,horror,Dabbe: The Possession,TR,MOVIE,2013,120,8.898,6.0
tm148910,drama/action/crime/thriller,Haider,IN,MOVIE,2014,150,8.213,7.1
tm143363,comedy/drama/romance,2 States,IN,MOVIE,2014,149,6.973,6.6
tm165504,crime/drama/thriller/action/comedy,Blind Detective,CN/HK,MOVIE,2013,130,5.84,6.1
tm158980,comedy/romance,Khoobsurat,IN,MOVIE,2014,130,5.228,6.8
tm148597,comedy/documentation,Monty Python: Live (Mostly),GB,MOVIE,2014,138,6.936,7.1
tm145791,drama/comedy/fantasy/music,Miss Granny,KR,MOVIE,2014,124,7.082,7.4
tm155291,drama/crime/romance,Highway,IN,MOVIE,2014,133,8.364,7.2
tm156811,drama/comedy,Queen,IN,MOVIE,2014,146,9.152,7.4
tm186054,drama/music,ABCD,IN,MOVIE,2013,136,3.278,6.1
tm178513,drama,Bombay Talkies,IN,MOVIE,2013,127,4.856,6.5
tm182322,drama/sport,Kai Po Che!,IN,MOVIE,2013,126,5.636,6.9
tm142630,horror,Ragini MMS 2,IN,MOVIE,2014,120,3.524,4.3
tm185797,romance/comedy/drama,Fukrey,IN,MOVIE,2013,137,2.509,6.8
tm154729,drama/romance/thriller/comedy,Dedh Ishqiya,IN,MOVIE,2014,152,3.05,6.5
tm148457,comedy/romance,Hasee Toh Phasee,IN,MOVIE,2014,141,6.095,6.7
tm186161,action/comedy/crime/drama,Boss,IN,MOVIE,2013,143,4.795,5.7
tm151927,drama/sport/action,Mary Kom,IN,MOVIE,2014,122,3.899,7.1
tm169669,drama/comedy,Four Sisters and a Wedding,PH,MOVIE,2013,126,4.626,7.0
tm175812,thriller/crime/drama,Special 26,IN,MOVIE,2013,144,7.378,7.3
tm181550,crime/drama/romance/action,Once Upon a Time in Mumbai Dobaara!,IN,MOVIE,2013,160,5.104,5.5
tm145216,horror,Dabbe 5: Zehr-i Cin,TR,MOVIE,2014,132,4.722,5.5
tm149747,comedy/drama,The Perfect Dictatorship,MX,MOVIE,2014,143,10.475,7.3
tm160034,drama/comedy/romance,Humpty Sharma Ki Dulhania,IN,MOVIE,2014,133,7.415,6.4
tm172027,drama/history/romance,The Butterflys Dream,TR,MOVIE,2013,138,5.001,7.3
tm183805,thriller/crime/comedy,Ghanchakkar,IN,MOVIE,2013,137,4.011,5.5
tm159094,drama/thriller/action,Naan Sigappu Manithan,IN,MOVIE,2014,161,2.361,6.4
tm184511,drama/romance/thriller,Inkaar,IN,MOVIE,2013,133,3.296,5.6
tm157461,drama/comedy/romance,Coming Soon,TR,MOVIE,2014,134,6.452,6.7
tm181092,thriller/crime/action,Race 2,IN,MOVIE,2013,150,5.768,5.6
tm183002,thriller/action/drama,Madras Cafe,IN,MOVIE,2013,130,5.821,6.6
tm167107,drama/thriller/action/crime,Saheb Biwi Aur Gangster Returns,IN,MOVIE,2013,142,2.657,6.8
tm175753,comedy/drama,Chashme Baddoor,IN,MOVIE,2013,120,3.114,4.5
tm197423,thriller,October 1,NG,MOVIE,2014,149,3.018,6.2
tm167342,drama/documentation,Satyagraha,IN,MOVIE,2013,152,3.416,6.2
tm169054,romance/comedy,Bhaji in Problem,IN,MOVIE,2013,130,3.356,8.0
tm176900,comedy/drama/romance,Theeya Velai Seiyyanum Kumaru,IN,MOVIE,2013,125,2.587,5.7
tm179248,crime/comedy/action,Settai,IN,MOVIE,2013,136,2.639,4.9
tm158546,thriller/crime,Raja Natwarlal,IN,MOVIE,2014,141,3.002,6.6
tm157062,thriller/crime/action,Anjaan,IN,MOVIE,2014,170,3.939,5.9
tm171891,drama/comedy/action,Himmatwala,IN,MOVIE,2013,150,0.6,3.3
tm159296,romance/comedy/drama,One by Two,IN,MOVIE,2014,139,2.731,4.4
tm156397,romance/comedy/drama/documentation/european,Starting Over Again,PH,MOVIE,2014,130,3.661,7.2
tm166723,comedy/drama/romance,It Takes a Man and a Woman,PH,MOVIE,2013,120,3.195,7.8
tm146144,drama/comedy/thriller,Bobby Jasoos,IN,MOVIE,2014,121,2.862,5.9
tm147908,thriller,Anaamika,IN,MOVIE,2014,124,2.385,6.0
tm150962,comedy/romance,Mumbai Delhi Mumbai,IN,MOVIE,2014,120,1.118,6.3
tm177224,romance/comedy/drama,Gori Tere Pyaar Mein,IN,MOVIE,2013,150,3.931,6.1
tm138280,action/thriller,Sigaram Thodu,IN,MOVIE,2014,147,1.719,5.4
tm135307,thriller/action/crime,Blackhat,US,MOVIE,2015,133,57.038,5.4
tm138905,western/crime/drama/thriller,The Hateful Eight,US,MOVIE,2015,188,23.205,7.7
tm195209,thriller/crime/drama/european,Legend,US/FR/GB,MOVIE,2015,132,72.35,7.0
tm193769,drama,Steve Jobs,GB/US,MOVIE,2015,122,13.009,6.8
tm233425,romance/animation/drama/family,A Silent Voice: The Movie,JP,MOVIE,2016,130,131.725,8.4
tm143085,scifi/drama/thriller/action/crime,Chappie,MX/ZA/US,MOVIE,2015,120,110.843,6.8
tm137002,drama/action/fantasy,Bāhubali: The Beginning,IN,MOVIE,2015,159,51.091,7.5
tm138297,thriller/horror/drama,The Conjuring 2,US,MOVIE,2016,134,171.543,7.3
tm219233,drama/romance,Loving,GB/US,MOVIE,2016,123,16.292,6.7
tm136257,war/drama,Beasts of No Nation,US/GH,MOVIE,2015,137,11.978,7.6
tm235405,thriller/action/drama/war,Hyena Road,CA,MOVIE,2015,120,7.365,6.7
tm245671,action/drama/sport,Dangal,IN,MOVIE,2016,161,14.572,8.0
tm123789,drama/fantasy,The Young Messiah,US,MOVIE,2016,120,20.107,6.3
ts78325,documentation/music,Sinatra: All or Nothing at All,US,SHOW,2015,122,5.024,7.3
tm135543,drama/european/romance,By the Sea,US/FR,MOVIE,2015,122,9.388,5.6
tm213681,crime/thriller/action/comedy,Veteran,KR,MOVIE,2015,124,9.714,6.9
tm218052,thriller/crime/drama,Drishyam,IN,MOVIE,2015,163,7.871,7.8
tm300713,action,High & Low The Movie,JP,MOVIE,2016,129,4.97,6.0
tm290444,drama/action/thriller,Pandora,KR,MOVIE,2016,136,38.145,7.5
tm200454,drama/romance,Ok Kanmani,IN,MOVIE,2015,139,4.122,6.8
tm233344,romance/comedy/drama/family,Kapoor & Sons,IN,MOVIE,2016,132,9.091,7.0
tm244915,thriller/action/romance,Baaghi,IN,MOVIE,2016,133,13.824,6.4
tm323616,comedy/romance/thriller,The Visit,NaN,MOVIE,2015,130,1.048,6.0
tm201365,drama/action/sport,Brothers,IN,MOVIE,2015,156,4.823,6.6
tm193211,drama/comedy/romance/documentation/european,Mucize,TR,MOVIE,2015,136,7.566,7.2
tm272854,crime/action/thriller,Force 2,IN,MOVIE,2016,123,8.386,6.5
tm211478,drama/comedy/romance,Tamasha,IN,MOVIE,2015,139,7.836,6.6
tm242687,thriller/war/drama/european,Riphagen the Untouchable,NL,MOVIE,2016,132,10.891,6.5
tm240162,crime/action/drama,Udta Punjab,IN,MOVIE,2016,148,7.815,7.2
tm197503,romance/drama/comedy,Hunterrr,IN,MOVIE,2015,141,5.296,6.2
tm241998,romance/drama/history/action,Mohenjo Daro,IN,MOVIE,2016,155,6.358,6.5
tm421855,family/reality,4K Fireplace,US,MOVIE,2015,181,1.336,6.8
tm227029,thriller/european,Smoke & Mirrors,ES,MOVIE,2016,123,7.807,6.5
tm201906,drama/european,Belgica,FR/BE,MOVIE,2016,127,7.006,5.8
tm232832,drama/european,The Lion Woman,NO/SE,MOVIE,2016,126,27.507,6.9
tm227042,action/drama/family/romance,Prem Ratan Dhan Payo,IN,MOVIE,2015,164,6.712,5.8
tm233843,comedy/drama/romance,Pyaar Ka Punchnama 2,IN,MOVIE,2015,159,4.232,7.0
tm239739,thriller/crime/drama,Raman Raghav 2.0,IN,MOVIE,2016,134,8.674,7.1
tm219699,thriller/action/drama/horror/crime/european,Phantom,IN,MOVIE,2015,136,3.704,5.6
tm219817,thriller/crime/drama,Talvar,IN,MOVIE,2015,132,7.577,7.5
tm208628,drama/comedy/romance,Dil Dhadakne Do,IN,MOVIE,2015,170,7.728,6.8
tm232930,comedy,Kyaa Kool Hain Hum 3,IN,MOVIE,2016,124,3.768,3.1
tm245911,drama/history/war/european,1898: Our Last Men in the Philippines,ES,MOVIE,2016,130,9.711,6.5
tm232855,comedy/drama,Everything About Her,PH,MOVIE,2016,126,2.675,8.1
tm208713,drama/action/crime/comedy,Gabbar Is Back,IN,MOVIE,2015,130,6.772,7.2
tm233015,drama/romance,Fitoor,IN,MOVIE,2016,131,3.791,5.8
tm207668,music/drama,ABCD 2,IN,MOVIE,2015,154,5.018,5.6
tm233366,thriller/drama,Te3n,IN,MOVIE,2016,136,8.131,6.9
tm246485,horror/thriller/crime/drama,U Turn,IN,MOVIE,2016,120,3.343,6.7
tm247444,comedy,Poshter Girl,IN,MOVIE,2016,140,2.098,8.0
tm227044,romance/drama/comedy,Shaandaar,IN,MOVIE,2015,144,5.132,4.9
tm138584,fantasy/drama,Hawaizaada,IN,MOVIE,2015,157,1.792,6.0
tm217986,comedy/drama,Bangistan,IN,MOVIE,2015,135,2.835,6.4
tm201855,romance/comedy/drama,Katti Batti,IN,MOVIE,2015,138,2.601,5.6
tm232710,romance/drama/family/sport/documentation,A Second Chance,PH,MOVIE,2015,130,3.425,7.1
tm244923,drama/war,My Mothers Wound,TR,MOVIE,2016,120,3.947,6.9
tm211424,comedy/drama,Dharam Sankat Mein,IN,MOVIE,2015,129,2.129,6.8
tm244380,drama/romance,Barcelona: A Love Untold,PH,MOVIE,2016,132,2.518,6.1
tm231911,romance/drama,Everyday I Love You,PH,MOVIE,2015,122,2.321,7.9
tm272666,romance/drama,The Unmarried Wife,PH,MOVIE,2016,130,1.075,6.5
tm219739,romance/drama,The Love Affair,PH,MOVIE,2015,125,1.68,5.7
tm239091,scifi/thriller/action/drama,Blade Runner 2049,CA/HU/MX/ES/GB/US,MOVIE,2017,164,61.861,7.5
tm315344,drama/crime/sport,Mollys Game,CA/US/CN,MOVIE,2017,140,21.304,7.1
tm318206,thriller/action/crime/drama,Den of Thieves,US,MOVIE,2018,140,55.531,6.7
tm315174,romance/drama,Phantom Thread,US/GB,MOVIE,2017,130,18.165,7.3
tm244220,drama/war/history/thriller/family,Darkest Hour,GB,MOVIE,2017,125,22.688,7.4
tm244364,thriller/drama/horror,The Nightingale,AU,MOVIE,2018,136,29.689,7.1
tm425889,western/comedy/drama/romance,The Ballad of Buster Scruggs,US,MOVIE,2018,132,35.22,7.1
tm244174,drama/scifi/action,Okja,KR/US,MOVIE,2017,122,23.865,7.4
tm210043,thriller/crime/drama,Shot Caller,US,MOVIE,2017,120,29.901,6.9
tm226948,fantasy/drama,The Shack,US,MOVIE,2017,132,129.191,7.4
tm288499,drama/european,Roma,MX/US,MOVIE,2018,135,17.67,7.7
tm272060,thriller/drama/action/crime/fantasy/scifi,What Happened to Monday,BE/FR/GB,MOVIE,2017,123,52.94,7.2
tm271951,thriller/horror/drama/fantasy,Apostle,US/GB,MOVIE,2018,130,20.664,6.1
tm311815,documentation/thriller/sport,Icarus,US,MOVIE,2017,121,13.434,7.7
tm310899,drama,Mary Magdalene,GB/US/AU,MOVIE,2018,120,103.034,6.3
tm419595,fantasy/action/european,The Witch: Part 1. The Subversion,KR,MOVIE,2018,125,14.464,7.7
tm374132,thriller/drama/horror/scifi,Bird Box,US,MOVIE,2018,124,38.353,6.9
tm244175,drama/war/history,The Zookeepers Wife,GB/US/CZ,MOVIE,2017,122,19.791,7.4
tm319818,drama/action/history/war,Outlaw King,GB/US,MOVIE,2018,121,19.359,6.8
tm315340,thriller/action,The Night Comes for Us,ID,MOVIE,2018,121,19.06,6.8
tm244229,drama/crime/thriller/european,Everybody Knows,IT/ES/FR,MOVIE,2018,132,11.885,6.5
tm357589,romance/drama/history/war,The Guernsey Literary & Potato Peel Pie Society,GB/US/FR,MOVIE,2018,124,11.501,7.5
tm300615,drama/war,Mudbound,US,MOVIE,2017,120,12.964,7.4
tm368449,drama/comedy,Private Life,US,MOVIE,2018,123,7.649,6.9
tm299677,thriller/horror/action/drama,Hold the Dark,US,MOVIE,2018,125,13.295,5.3
tm221953,fantasy/action/drama,Bāhubali 2: The Conclusion,IN,MOVIE,2017,168,36.891,7.3
tm433381,thriller/drama/documentation/fantasy/music/romance/european,Mirage,ES,MOVIE,2018,129,17.791,7.5
tm139545,crime/thriller/action/drama,The Outsider,US,MOVIE,2018,120,12.155,6.2
tm244325,thriller/drama/scifi,Mute,GB/DE,MOVIE,2018,126,14.672,5.6
tm410742,fantasy/drama/european,Happy as Lazzaro,IT/CH/FR,MOVIE,2018,125,8.348,7.4
tm139885,drama/european,The Other Side of the Wind,US/FR/IR,MOVIE,2018,122,8.717,6.7
tm348993,thriller/history/crime/drama/european,22 July,NO/US/IS,MOVIE,2018,143,19.825,7.2
tm233294,drama/comedy/war,War Machine,US,MOVIE,2017,122,14.317,5.5
tm328443,thriller/drama/action/scifi,Illang: The Wolf Brigade,KR,MOVIE,2018,140,16.359,6.4
tm318200,music/documentation,Clive Davis: The Soundtrack of Our Lives,US,MOVIE,2017,123,7.169,6.3
tm423373,thriller/music/drama/comedy/crime,Andhadhun,IN,MOVIE,2018,139,8.457,7.7
tm285356,drama/history/war,First They Killed My Father,KH/US,MOVIE,2017,136,15.383,7.4
tm320255,thriller/comedy/crime/drama,Bad Genius,TH,MOVIE,2017,130,18.912,8.0
tm244519,drama/action,Birth of the Dragon,CN/US/CA,MOVIE,2017,120,21.99,5.8
tm312577,fantasy/scifi/action,Fullmetal Alchemist,JP,MOVIE,2017,135,16.225,5.3
tm367250,drama/war/european,The Resistance Banker,NL,MOVIE,2018,124,12.59,6.7
tm311995,action/drama/history,The Battleship Island,KR,MOVIE,2017,132,24.994,7.2
tm296398,thriller/action/drama,Steel Rain,KR,MOVIE,2017,139,12.155,7.3
tm365824,comedy/drama/scifi/romance/thriller/fantasy/european,Zero,IN,MOVIE,2018,152,7.585,5.3
tm445735,documentation/music,Springsteen On Broadway,US,MOVIE,2018,153,5.263,8.0
tm305112,drama/action/history/war/thriller,The Fortress,KR,MOVIE,2017,140,6.993,6.6
tm427465,music/documentation,Quincy,US,MOVIE,2018,124,7.629,7.4
tm263427,thriller/crime/european,The Invisible Guardian,ES/DE,MOVIE,2017,129,20.473,6.5
tm266685,comedy,Sandy Wexler,US,MOVIE,2017,130,14.548,5.5
tm448122,documentation/music,Taylor Swift: Reputation Stadium Tour,US,MOVIE,2018,125,11.864,8.2
tm320817,thriller/action,Mersal,IN,MOVIE,2017,169,6.017,7.2
tm371952,drama/action,Sarkar,IN,MOVIE,2018,164,5.833,6.0
tm408890,comedy/romance/european,Yucatán,ES,MOVIE,2018,129,5.943,5.6
tm426569,drama/crime/history/european,A Twelve-Year Night,AR/ES/UY,MOVIE,2018,122,8.054,7.4
tm375729,romance/drama,Us and Them,CN,MOVIE,2018,120,6.948,7.6
tm417317,drama/action/crime,Bhavesh Joshi Superhero,IN,MOVIE,2018,155,3.874,8.0
tm419496,romance/drama,Lust Stories,IN,MOVIE,2018,120,6.439,6.2
tm232464,thriller/drama/action/crime,Raees,IN,MOVIE,2017,143,9.757,6.7
tm413049,thriller/action/fantasy/scifi/comedy/drama,Animal World,CN,MOVIE,2018,125,17.731,7.2
tm307761,comedy/drama/romance,Toilet: A Love Story,IN,MOVIE,2017,155,6.442,7.0
tm422715,horror/comedy,Stree,IN,MOVIE,2018,128,6.664,7.0
tm370447,drama/european,The Tree of Blood,ES,MOVIE,2018,130,11.58,6.5
tm313712,crime/thriller/drama,Mom,IN,MOVIE,2017,147,9.564,7.2
tm244287,romance/drama,Half Girlfriend,IN,MOVIE,2017,135,9.482,6.5
tm413955,drama/romance/european,A Fortunate Man,DK,MOVIE,2018,162,12.746,6.9
tm307776,drama/music,Secret Superstar,IN,MOVIE,2017,150,8.308,7.5
tm366019,thriller/action/drama/crime,BuyBust,PH,MOVIE,2018,127,5.205,5.9
tm368441,thriller/drama,Aapla Manus,IN,MOVIE,2018,132,1.444,5.6
tm366590,drama/comedy,Sanju,IN/US,MOVIE,2018,161,8.906,7.4
tm366972,crime/drama/action,The Drug King,KR,MOVIE,2018,139,14.546,6.3
tm321073,romance/action/comedy,Judwaa 2,IN,MOVIE,2017,150,7.453,5.8
tm327708,romance/comedy,Bareilly Ki Barfi,IN,MOVIE,2017,123,9.807,6.8
tm375962,drama,Nothing to Lose,BR,MOVIE,2018,130,38.864,5.6
tm138667,drama/romance,Taramani,IN,MOVIE,2017,150,3.484,6.6
tm363922,drama,Dovlatov,RU/RS/PL,MOVIE,2018,126,3.371,6.4
tm410298,documentation/animation/european,Samouni Road,FR/IT,MOVIE,2018,129,1.581,7.2
tm244196,war/history/drama/romance/action,Rangoon,IN,MOVIE,2017,167,4.633,6.0
tm307751,romance/comedy/drama,Jab Harry Met Sejal,IN,MOVIE,2017,144,8.116,6.5
tm317491,thriller/action/crime,Spyder,IN,MOVIE,2017,145,2.871,5.3
tm416620,thriller/drama/music/european,Quién te cantará,FR/ES,MOVIE,2018,125,7.865,7.2
tm421748,drama/comedy,Ee Nagaraniki Emaindi,IN,MOVIE,2018,120,2.241,7.0
tm429174,drama/history/thriller/action/crime/european,Gun City,FR/ES,MOVIE,2018,127,8.216,6.3
tm307774,romance/action/comedy,Jagga Jasoos,IN,MOVIE,2017,180,6.253,6.0
tm326704,drama/history/action,Parmanu: The Story of Pokhran,IN,MOVIE,2018,129,5.997,7.0
tm439854,drama/crime/thriller,Baazaar,IN,MOVIE,2018,140,2.84,6.4
tm353247,drama/romance/comedy,Qarib Qarib Singlle,IN,MOVIE,2017,125,3.629,7.2
tm307843,action/drama/comedy/thriller,Angamaly Diaries,IN,MOVIE,2017,132,3.172,7.3
tm376421,action,HiGH&LOW The Movie 2: End of Sky,JP,MOVIE,2017,124,4.613,7.7
tm319310,romance/drama/action,CIA: Comrade In America,IN,MOVIE,2017,134,3.241,6.0
tm283559,drama/comedy/romance/european,The Art of Loving: Story of Michalina Wislocka,PL,MOVIE,2017,121,6.817,6.6
tm538868,drama,III Smoking Barrels,IN,MOVIE,2017,127,0.6,8.0
tm445255,romance/drama,Qismat,IN,MOVIE,2018,140,1.758,7.3
tm367264,drama/history/european,Milada,CZ/US,MOVIE,2017,130,8.714,6.9
tm350116,drama,B. A. Pass 2,IN,MOVIE,2017,136,2.913,7.0
tm372969,romance/comedy,Love per Square Foot,IN,MOVIE,2018,133,6.683,6.7
tm351201,comedy,In the Family,TR,MOVIE,2017,124,6.596,6.8
tm307767,action/thriller,Baadshaho,IN,MOVIE,2017,136,3.054,5.8
tm372061,comedy/drama/family/sport,Sudani from Nigeria,IN,MOVIE,2018,123,4.255,7.1
tm445153,comedy/drama,Njan Prakashan,IN,MOVIE,2018,131,4.269,6.8
tm432327,drama,C/o Kancharapalem,IN,MOVIE,2018,152,2.096,7.6
tm431928,comedy/drama/family,Rajma Chawal,IN,MOVIE,2018,129,1.769,6.5
tm309115,thriller/action/drama,Naam Shabana,IN,MOVIE,2017,147,5.584,5.8
tm451171,thriller/drama/romance,Sylvia,NG,MOVIE,2018,130,0.873,6.4
tm435487,horror/comedy/drama/thriller,Suzzanna: Buried Alive,ID,MOVIE,2018,125,2.673,5.7
tm313424,comedy/drama,Pad Man,IN,MOVIE,2018,140,9.062,7.4
tm851055,drama,God Calling,NaN,MOVIE,2018,120,1.236,9.0
tm360945,drama/sport,Soorma,IN,MOVIE,2018,131,2.69,7.5
tm432313,thriller/romance,Manu,IN,MOVIE,2018,182,1.847,7.0
tm413129,history/action/war,Goyo: The Boy General,PH,MOVIE,2018,155,5.421,6.9
tm449860,drama/crime,King of Boys,NG,MOVIE,2018,169,3.082,6.4
tm275004,crime/action/comedy,Bon Cop Bad Cop 2,CA,MOVIE,2017,126,6.827,6.4
tm326089,drama/comedy/romance,Mubarakan,IN,MOVIE,2017,156,4.208,6.2
tm444564,thriller/comedy/romance,Tattoo of Revenge,MX,MOVIE,2018,150,3.723,5.0
tm436171,drama/music,El Potro: lo mejor del amor,AR,MOVIE,2018,122,3.91,4.9
tm430748,thriller/action/drama/romance,Neevevaro,IN,MOVIE,2018,130,1.63,6.5
tm347060,comedy,Poster Boys,IN,MOVIE,2017,128,1.645,5.4
tm363878,thriller/action/drama,Aiyaary,IN,MOVIE,2018,157,6.455,5.5
tm426238,drama/romance/action,Pulang,MY,MOVIE,2018,120,1.532,5.9
tm374395,thriller/action/crime/drama,Vanjagar Ulagam,IN,MOVIE,2018,161,1.411,4.8
tm360763,drama/romance,Verses of Love 2,ID,MOVIE,2017,125,2.623,6.8
tm408781,drama/comedy/crime/romance/action,Teefa in Trouble,PK,MOVIE,2018,155,3.782,7.6
tm153164,thriller,Puriyaatha Puthir,IN,MOVIE,2017,140,2.088,7.1
tm307698,romance/drama,My Ex & Whys,PH,MOVIE,2017,120,3.375,6.4
tm244277,comedy/action/romance/family/drama,Pa Paandi,IN,MOVIE,2017,125,2.594,7.1
tm353791,drama/comedy,Seven Sundays,PH,MOVIE,2017,128,3.045,8.5
tm364769,drama,Pahuna: The Little Visitors,IN/NP,MOVIE,2017,138,1.234,8.1
tm411508,comedy/drama,Mahi NRI,IN,MOVIE,2017,132,1.134,2.0
tm456983,drama/action,Mauli,IN,MOVIE,2018,134,1.291,5.0
tm404569,comedy/drama/family,Shubh Aarambh,IN,MOVIE,2017,126,0.893,6.0
tm244310,drama,Merku Thodarchi Malai,IN,MOVIE,2018,122,2.764,7.4
tm438005,drama/romance,First Love,PH,MOVIE,2018,122,1.572,5.9
tm450512,drama/family,Pinky Memsaab,PK,MOVIE,2018,124,1.235,9.0
tm336084,thriller/crime/drama,Echcharikkai,IN,MOVIE,2018,134,2.334,4.9
tm312738,romance/comedy/family,Jindua,IN,MOVIE,2017,140,1.14,9.3
tm242887,thriller/action/crime,Sei,IN,MOVIE,2018,128,1.638,4.3
tm367613,romance/sport/comedy,Mr. Chandramouli,IN,MOVIE,2018,122,1.4,4.7
tm430281,drama/family,Dhh,IN,MOVIE,2018,128,1.22,9.0
tm368697,romance/comedy,Unexpectedly Yours,PH,MOVIE,2017,120,1.987,7.5
tm452767,drama/romance/comedy,Next Enti?,XX,MOVIE,2018,157,1.423,3.8
tm246330,thriller/action/romance,Pandigai,IN,MOVIE,2017,150,1.814,6.5
tm481189,drama,Bogda,IN,MOVIE,2018,160,2.095,7.5
tm332572,thriller,Meghnadbodh Rohoshyo,IN,MOVIE,2017,122,1.08,5.4
tm366227,drama/thriller/comedy/crime,Uncut Gems,US,MOVIE,2019,130,24.948,7.1
tm417392,drama/history/romance/war,The King,AU/US,MOVIE,2019,140,23.761,7.2
tm369594,thriller/fantasy/drama,Im Thinking of Ending Things,US,MOVIE,2020,134,18.733,6.6
tm368699,drama/thriller/crime/horror,The Devil All the Time,US,MOVIE,2020,138,31.57,7.3
tm244149,drama/crime/history/thriller,The Irishman,US,MOVIE,2019,209,19.74,7.6
tm403709,drama/romance/comedy,Marriage Story,GB,MOVIE,2019,136,31.056,7.8
tm840196,drama/history/thriller,The Trial of the Chicago 7,US,MOVIE,2020,130,16.849,7.8
tm827648,thriller/drama/crime/action,El Camino: A Breaking Bad Movie,US,MOVIE,2019,123,35.145,6.9
tm849004,comedy/music,Eurovision Song Contest: The Story of Fire Saga,US,MOVIE,2020,123,10.969,6.4
tm821789,comedy/drama,Mank,US,MOVIE,2020,131,13.558,6.8
tm417553,action/thriller/comedy,6 Underground,US,MOVIE,2019,127,47.628,6.3
tm818266,drama/war/history/documentation/european,The Forgotten Battle,LT/NL/BE,MOVIE,2020,124,63.03,7.2
tm911973,crime/drama/action,Enola Holmes,US,MOVIE,2020,123,30.97,7.4
tm244207,thriller/action/crime/drama,Triple Frontier,US,MOVIE,2019,125,27.886,6.3
ts90448,western/crime/thriller/drama,The Hateful Eight: Extended Version,US,SHOW,2019,199,1.96,10.0
tm849003,fantasy/action/thriller,The Old Guard,US,MOVIE,2020,125,22.536,7.2
tm916405,drama/action/history/war,The Outpost,US/BG,MOVIE,2020,123,20.829,6.9
tm499045,action/scifi,Occupation: Rainfall,AU,MOVIE,2020,128,13.036,5.7
tm319470,thriller/drama/history/european,The Professor and the Madman,US/FR/IE,MOVIE,2019,124,13.722,7.2
tm919961,drama,Pieces of a Woman,HU/US/CA,MOVIE,2020,127,17.31,7.1
tm443615,thriller/romance/drama,Rebecca,GB,MOVIE,2020,121,11.83,6.3
tm843444,war/drama,Da 5 Bloods,US,MOVIE,2020,156,10.461,6.6
tm420826,thriller/crime/drama,The Highwaymen,US,MOVIE,2019,132,19.718,6.7
tm919864,drama/music,The Disciple,IN,MOVIE,2020,128,4.042,6.9
tm678022,comedy/drama/music,The Prom,US,MOVIE,2020,130,1.596,6.2
tm435520,drama/comedy/history,The Two Popes,US,MOVIE,2019,125,17.506,7.5
tm414341,thriller/drama/history,The Red Sea Diving Resort,US/CA,MOVIE,2019,129,11.768,6.9
tm423666,scifi/drama/action/thriller,The Wandering Earth,CN,MOVIE,2019,126,22.655,6.4
tm453099,music/documentation/history,Rolling Thunder Revue: A Bob Dylan Story by Martin Scorsese,US,MOVIE,2019,142,7.958,7.2
tm432022,fantasy/romance/animation/drama,Violet Evergarden: The Movie,JP,MOVIE,2020,140,28.459,8.6
tm846964,fantasy/thriller/drama,A Fall from Grace,US,MOVIE,2020,120,12.851,7.1
tm436778,drama/history,The Best of Enemies,US,MOVIE,2019,133,18.706,7.4
tm844250,drama/action/comedy,Ala Vaikunthapurramuloo,IN,MOVIE,2020,165,7.608,6.7
tm922788,horror/comedy,The Babysitter: Killer Queen,US,MOVIE,2020,142,46.405,6.5
tm822246,comedy/drama,The Forty-Year-Old Version,US,MOVIE,2020,123,6.271,6.8
tm316311,drama/thriller/crime,Wasp Network,BR/FR/ES/BE,MOVIE,2019,128,11.215,6.1
tm451548,crime/comedy/action,The Fable,JP,MOVIE,2019,123,4.487,6.5
tm810547,thriller/action/crime/drama,Night in Paradise,KR,MOVIE,2020,131,62.599,7.0
tm833638,drama/thriller/crime/horror,The Forest of Love,JP,MOVIE,2019,151,9.833,6.6
tm827508,drama,The Boys in the Band,US,MOVIE,2020,121,7.857,6.9
tm848995,music/family/fantasy,Jingle Jangle: A Christmas Journey,US,MOVIE,2020,122,37.658,6.6
tm826473,drama,A Sun,TW,MOVIE,2019,156,12.052,7.6
tm483997,comedy/romance,The Kissing Booth 2,GB,MOVIE,2020,134,61.763,7.8
tm434553,crime/thriller/action/drama,Cut Throat City,US,MOVIE,2020,123,16.92,6.6
tm467804,thriller,Watchman,IN,MOVIE,2019,140,1.711,5.2
tm454824,romance/family/history/drama,Silver Skates,RU,MOVIE,2020,136,12.283,7.8
tm453850,drama/scifi/thriller/action/crime,Time to Hunt,KR,MOVIE,2020,135,15.225,7.2
tm467467,music/documentation,Homecoming: A Film by Beyoncé,US,MOVIE,2019,137,12.239,8.2
tm446581,documentation/history,The Edge of Democracy,BR,MOVIE,2019,121,8.001,7.8
tm812998,drama,Miracle in Cell No. 7,TR,MOVIE,2019,132,52.412,8.3
ts90995,documentation/history,1994,MX,SHOW,2019,178,2.227,8.7
tm855535,drama/european,The Hater,PL,MOVIE,2020,135,9.14,6.9
tm514494,crime/thriller/european,Offering to the Storm,DE/ES,MOVIE,2020,139,35.645,6.5
tm835432,crime/thriller/drama/action/european,Sky High,ES,MOVIE,2020,121,15.719,6.2
tm283581,thriller/action/comedy/crime/drama,Super Deluxe,IN,MOVIE,2019,176,7.087,7.8
tm453098,thriller/crime/horror,Svaha: The Sixth Finger,KR,MOVIE,2019,122,11.17,6.6
tm848443,romance/drama,World Famous Lover,IN,MOVIE,2020,156,4.537,5.9
tm813929,comedy/drama,Gold Statue,NG,MOVIE,2019,145,2.447,5.0
tm319139,thriller/action/crime/drama/romance,Saaho,IN,MOVIE,2019,171,5.566,6.2
tm423624,drama/romance/comedy,Ek Ladki Ko Dekha Toh Aisa Laga,IN,MOVIE,2019,121,4.303,5.8
tm856424,romance/comedy,Bheeshma,IN,MOVIE,2020,151,5.22,6.6
tm873159,scifi/action/drama/fantasy,The Yin-Yang Master: Dream of Eternity,CN,MOVIE,2020,132,21.049,7.7
tm888080,crime/thriller/action/drama/scifi,The Last Days of American Crime,US,MOVIE,2020,149,8.27,6.6
tm452867,drama/thriller/action/crime,Jo Pil-ho: The Dawning Rage,KR,MOVIE,2019,127,8.14,6.1
tm1127695,thriller/war/action/drama/history/european,The Endless Trench,ES/FR,MOVIE,2019,148,12.322,6.9
tm455197,drama/crime/action/romance,Kabir Singh,IN,MOVIE,2019,172,6.459,6.9
tm428506,action/comedy,The Man Who Feels No Pain,IN,MOVIE,2019,136,3.84,6.9
tm973704,thriller/horror,Andhaghaaram,IN,MOVIE,2020,171,3.527,7.7
tm458418,romance/drama,Tune in for Love,KR,MOVIE,2019,122,44.421,7.9
tm464888,drama,Love Aaj Kal,IN,MOVIE,2020,141,3.36,6.1
tm848663,horror,Ghost Stories,IN,MOVIE,2020,144,6.685,5.1
tm857051,thriller/crime,Forensic,IN,MOVIE,2020,134,3.854,6.5
tm458328,thriller/crime/drama,Badla,IN,MOVIE,2019,120,7.353,7.4
tm889200,drama,MOTHER,JP,MOVIE,2020,127,8.172,6.9
tm450375,drama/history/action,Thackeray,IN,MOVIE,2019,139,2.784,5.3
tm493511,drama/romance/family,The Sky Is Pink,IN,MOVIE,2019,143,3.623,7.8
tm460815,romance/drama/comedy,Luka Chuppi,IN,MOVIE,2019,126,4.603,6.1
tm880059,drama,All Day and a Night,US,MOVIE,2020,121,8.057,6.2
tm998899,drama,The Fishermans Diary,CM,MOVIE,2020,142,3.454,7.1
tm847805,crime/action/comedy/drama,Ludo,IN,MOVIE,2020,150,8.817,7.4
tm450462,drama/action,Petta,IN,MOVIE,2019,172,7.998,7.1
tm429172,thriller/crime/war/action/drama/european,The (Silent) War,ES,MOVIE,2019,122,6.352,5.9
tm821662,comedy/drama,Vikruthi,IN,MOVIE,2019,123,3.432,6.8
tm854682,drama,Asphalt Goddess,MX,MOVIE,2020,126,4.686,6.8
tm483602,romance/drama/thriller/action/crime,Malang,IN,MOVIE,2020,135,4.267,7.3
tm901947,drama,Little Big Women,TW,MOVIE,2020,123,5.588,7.8
tm477006,crime/thriller/drama,Psycho,IN,MOVIE,2020,134,3.7,4.6
tm678851,crime/drama/thriller,Article 15,IN,MOVIE,2019,130,7.875,7.6
tm494847,drama/comedy/crime/romance/thriller/european,Made in China,IN,MOVIE,2019,128,1.837,6.5
tm373471,comedy/drama/romance,90 ML,IN,MOVIE,2019,125,3.675,5.2
tm511991,romance,99 Songs,IN,MOVIE,2019,128,3.004,7.0
tm842817,drama/fantasy,Living in Bondage: Breaking Free,NG,MOVIE,2019,140,0.727,5.0
tm869373,action/comedy,High & Low: The Worst,JP,MOVIE,2019,125,5.314,7.1
tm462660,romance/drama/horror,Inhuman Kiss,TH,MOVIE,2019,122,18.773,6.3
tm455161,romance/action/drama/history/war,Panipat,IN,MOVIE,2019,171,4.11,7.1
tm935388,drama/romance/comedy,Ginny Weds Sunny,IN,MOVIE,2020,125,3.162,6.4
tm462277,thriller/drama/action,Romeo Akbar Walter,IN,MOVIE,2019,139,3.275,6.3
tm838007,drama/comedy,Dolly Kitty and Those Twinkling Stars,IN,MOVIE,2019,120,2.643,5.8
tm854454,comedy/romance/family/drama,Varane Avashyamund,IN,MOVIE,2020,145,3.128,7.0
tm514257,crime/thriller/european,The Legacy of the Bones,ES,MOVIE,2019,121,13.023,6.6
tm1013697,horror/fantasy,Nneka the Pretty Serpent,NG,MOVIE,2020,140,4.007,3.8
tm366245,thriller/crime/drama/action,Drive,IN,MOVIE,2019,147,22.317,5.7
tm918043,thriller/crime/drama,Raat Akeli Hai,IN,MOVIE,2020,149,5.138,7.2
tm847678,drama,Romance Doll,JP,MOVIE,2020,123,6.424,5.5
tm835414,drama/animation,Sitara,IN,MOVIE,2019,128,0.943,7.1
tm859143,drama/thriller/action/sport,Torbaaz,IN,MOVIE,2020,132,1.825,7.6
tm810642,comedy/drama/romance,Manmadhudu 2,IN,MOVIE,2019,155,2.727,6.0
tm810836,fantasy,Oh! Baby,IN,MOVIE,2019,161,2.584,6.8
tm492043,comedy/romance/drama,Motichoor Chaknachoor,IN,MOVIE,2019,150,3.512,6.7
tm468200,drama,Uyare,IN,MOVIE,2019,125,3.844,7.7
tm845594,drama/thriller,Irandam Ulagaporin Kadaisi Gundu,IN,MOVIE,2019,141,2.243,6.3
tm824324,comedy,Scarecrow,EG,MOVIE,2019,126,1.996,5.3
tm850382,drama/romance,Sillu Karupatti,IN,MOVIE,2019,138,2.836,7.4
tm946795,thriller/drama,Citation,NG,MOVIE,2020,151,6.216,7.4
tm484173,music/comedy/drama,Bhangra Paa Le,IN,MOVIE,2020,131,4.036,5.8
tm847212,thriller,Thambi,IN,MOVIE,2019,150,2.432,6.4
tm457410,crime/comedy,Money Trap,TR,MOVIE,2019,121,5.845,5.7
tm950808,drama,Miss India,IN,MOVIE,2020,136,2.237,5.2
tm115973,romance/drama,Guna 369,IN,MOVIE,2019,146,2.085,5.0
tm817542,documentation/music,Hikaru Utada Laughter in the Dark Tour 2018,JP,MOVIE,2019,141,3.202,8.0
tm813634,drama/romance,Dorasani,IN,MOVIE,2019,130,1.137,4.0
tm477403,comedy/romance,Kaake Da Viyah,IN,MOVIE,2019,133,0.98,6.0
tm810873,drama,Thottappan,IN,MOVIE,2019,140,1.4,6.0
tm475815,romance/sport/comedy/drama,The Zoya Factor,IN,MOVIE,2019,134,3.899,5.8
tm837843,documentation/drama,It Takes a Lunatic,US/GB/DE,MOVIE,2019,126,3.923,5.6
tm922407,drama/comedy,Kilometers and Kilometers,IN,MOVIE,2020,129,2.537,5.6
tm373655,drama/music,Sarvam Thaala Mayam,IN,MOVIE,2019,133,2.003,7.2
tm373452,comedy/drama/romance/thriller,Kannum Kannum Kollaiyadithaal,IN,MOVIE,2020,162,3.926,6.8
tm834715,drama/thriller,Single Slipper Size - 7,IN,MOVIE,2019,120,2.234,8.3
tm814652,drama,Mallesham,IN,MOVIE,2019,131,2.162,7.6
tm461427,romance/comedy/drama,15 August,IN,MOVIE,2019,124,1.911,7.0
tm468811,drama,Mehandi Circus,IN,MOVIE,2019,135,1.852,6.1
tm830151,drama/family/music/documentation,One Day Well Talk About Today,ID,MOVIE,2020,121,2.755,7.8
tm472999,comedy/drama,Guddiyan Patole,IN,MOVIE,2019,127,1.634,9.3
tm818239,sport/drama,Penalty,IN,MOVIE,2019,128,1.632,5.0
tm675154,romance/action/drama,Malaal,IN,MOVIE,2019,136,2.136,5.3
tm679270,drama,Evvarikee Cheppoddu,IN,MOVIE,2019,133,1.312,7.0
tm475254,drama,"Sincerely Yours, Dhaka",BD,MOVIE,2019,134,2.374,8.0
tm814953,drama/history,This Earth of Mankind,ID,MOVIE,2019,181,4.542,7.3
tm935993,comedy/drama,Classmates Minus,TW,MOVIE,2020,122,4.316,7.5
tm811954,comedy/romance/drama,Nenjamundu Nermaiyundu Odu Raja,IN,MOVIE,2019,128,0.782,5.5
tm837042,documentation/music,"Hoshino Gen Dome Tour ""POP VIRUS"" at Tokyo Dome",JP,MOVIE,2019,120,1.701,7.0
tm460199,romance/comedy/drama/family,High End Yaariyaan,IN,MOVIE,2019,140,2.055,7.5
tm919210,drama/comedy,Uma Maheswara Ugra Roopasya,IN,MOVIE,2020,136,2.663,6.8
tm944307,documentation,Im Glad I Did,TR,MOVIE,2020,123,1.022,9.1
tm856372,thriller,The Book of Sun,SA,MOVIE,2020,130,2.719,8.1
tm816432,thriller/drama,Bypass Road,IN,MOVIE,2019,137,2.651,5.3
tm471802,drama/comedy/sport,Sur Sapata,IN,MOVIE,2019,128,0.683,8.5
tm476496,comedy/drama,Bhai - Vyakti Ki Valli 2,IN,MOVIE,2019,130,1.314,8.0
tm1043537,drama/war,Operation Mincemeat,GB/US,MOVIE,2022,128,43.158,6.7
tm674063,drama/romance/western,The Power of the Dog,CA/GR/NZ/GB/AU,MOVIE,2021,126,62.339,6.8
tm1120543,comedy,The Bubble,US,MOVIE,2022,126,250.543,4.9
tm979026,drama,"tick, tick... BOOM!",US,MOVIE,2021,121,40.707,7.8
tm856378,scifi/drama/comedy,Dont Look Up,US,MOVIE,2021,138,115.376,7.2
tm1080083,drama,The Lost Daughter,GB/US/GR,MOVIE,2021,122,46.069,6.6
tm825714,action/drama/western,The Harder They Fall,US,MOVIE,2021,139,259.097,6.7
tm1185360,documentation,Return to Space,US,MOVIE,2022,128,35.747,6.3
tm857461,drama/crime,Gangubai Kathiawadi,IN,MOVIE,2022,157,48.715,7.7
tm991529,drama,The Hand of God,IT,MOVIE,2021,130,42.813,7.6
tm1111987,drama/history/thriller,Munich: The Edge of War,GB,MOVIE,2022,129,53.688,7.0
tm1048362,comedy/horror/action/crime/thriller/romance/scifi,Army of Thieves,DE/US,MOVIE,2021,127,205.963,6.9
tm983723,documentation/music/comedy/history,The Sparks Brothers,GB/US,MOVIE,2021,140,7.71,7.2
tm1022103,crime/thriller/action,Outlaws,ES,MOVIE,2021,125,96.602,7.0
tm456513,horror/thriller/crime/scifi/action,Army of the Dead,US,MOVIE,2021,148,128.616,6.3
tm817075,action/crime/drama,Furioza,PL,MOVIE,2021,139,16.281,6.2
tm1000619,romance/drama,Radhe Shyam,IN,MOVIE,2022,138,9.77,5.4
tm810504,action/thriller/crime,Yaksha: Ruthless Operations,KR,MOVIE,2022,125,1275.252,6.2
ts108042,comedy/drama/family/fantasy/animation/action,Maya and the Three,MX,SHOW,2021,131,55.962,7.7
tm1027081,fantasy/horror/thriller/action,Blood Red Sky,GB/DE,MOVIE,2021,121,65.137,7.1
tm974195,comedy/action/thriller,The Fable: The Killer Who Doesnt Kill,JP,MOVIE,2021,132,5.25,6.7
tm1151272,thriller/comedy/crime/action,Beast,IN,MOVIE,2022,162,21.561,5.5
tm833216,horror/thriller/drama,Things Heard & Seen,US,MOVIE,2021,121,13.886,5.8
tm912100,drama/sport/thriller,Bruised,GB/US,MOVIE,2021,129,42.403,7.0
tm458292,scifi/fantasy/action/drama,Space Sweepers,KR,MOVIE,2021,136,69.534,7.1
tm465421,action/comedy,The Pirates: The Last Royal Treasure,KR,MOVIE,2022,126,167.763,6.7
tm949309,drama/crime,The White Tiger,IN/SG/US,MOVIE,2021,125,16.464,6.9
tm855075,drama/action,Rurouni Kenshin: The Beginning,JP,MOVIE,2021,138,126.053,7.8
tm1138870,comedy/drama/crime,Badhaai Do,IN,MOVIE,2022,147,5.185,7.3
tm1182144,drama/thriller,Dancing on Glass,ES,MOVIE,2022,137,288.515,5.8
tm473502,drama/history/sport,83,IN,MOVIE,2021,163,5.625,6.8
tm1073510,action/thriller,SAS: Red Notice,HU/NL/CH/GB,MOVIE,2021,124,125.536,5.9
tm1025493,drama/comedy,Dasvi,IN,MOVIE,2022,125,8.133,5.7
tm858000,drama/action,Rurouni Kenshin: The Final,JP,MOVIE,2021,138,116.036,7.9
tm1183542,thriller/action/comedy/drama,Mishan Impossible,IN,MOVIE,2022,129,4.614,8.0
tm999817,fantasy/animation/action,Green Snake,CN,MOVIE,2021,131,21.014,8.6
tm1086874,action/comedy/drama/fantasy/scifi,Minnal Murali,IN,MOVIE,2021,158,73.084,7.2
tm863823,comedy/family/action,Finding Ohana,US,MOVIE,2021,123,52.678,6.5
tm1106212,drama/thriller/crime,Photocopier,ID,MOVIE,2021,130,116.421,7.1
tm1000797,thriller/drama/romance,Ride or Die,JP,MOVIE,2021,142,49.781,6.5
tm1125844,horror/thriller/drama,The Whole Truth,TH,MOVIE,2021,125,194.904,6.3
tm1077201,comedy,Stuck Together,BE/FR,MOVIE,2021,126,28.991,6.0
tm949382,comedy/crime/romance/thriller/action,Looop Lapeta,IN,MOVIE,2022,131,356.051,6.3
tm466544,action/crime/thriller,Sooryavanshi,IN,MOVIE,2021,145,118.206,5.8
tm1098514,drama,The Falls,TW,MOVIE,2021,129,3.483,6.8
tm1119015,romance/drama,Love Like the Falling Petals,JP,MOVIE,2022,128,184.942,8.0
tm1143058,drama/crime,How I Fell in Love with a Gangster,PL,MOVIE,2022,179,33.992,6.7
tm454879,action/crime,Major Grom: Plague Doctor,RU,MOVIE,2021,136,121.717,6.8
tm998033,thriller/comedy/crime/action,Doctor,IN,MOVIE,2021,150,3.183,6.8
tm1143258,drama/romance,Hey! Sinamika,IN,MOVIE,2022,149,3.979,5.8
tm990835,drama/thriller/crime,The Girl on the Train,IN,MOVIE,2021,128,27.939,5.9
tm1115392,drama/romance/horror/thriller,Shyam Singha Roy,IN,MOVIE,2021,157,3.932,7.3
tm1000037,drama/thriller/european/romance,Je suis Karl,CZ/DE,MOVIE,2021,126,16.368,5.3
tm926580,crime/drama,A Family,JP,MOVIE,2021,136,5.673,7.2
tm1092309,drama/romance,We Couldnt Become Adults,JP,MOVIE,2021,124,19.375,6.3
tm1063034,documentation,The Wonderful: Stories from the Space Station,US,MOVIE,2021,129,4.305,7.0
tm1022912,drama/thriller,One,IN,MOVIE,2021,151,2.124,6.6
tm1102570,thriller/history/drama,Swallow,NaN,MOVIE,2021,128,18.42,4.8
tm867681,drama/romance/thriller/crime,Haseen Dillruba,IN,MOVIE,2021,135,13.416,6.3
tm1114205,drama/action/history,Amina,NG,MOVIE,2021,120,167.727,6.5
tm980657,scifi/thriller/drama,The Soul,CN/TW,MOVIE,2021,130,6.269,7.2
tm958688,drama,Love Me Instead,TR,MOVIE,2021,124,21.397,6.6
tm1073802,comedy/drama,Mimi,IN,MOVIE,2021,132,7.415,7.2
tm859256,drama,Red,IN,MOVIE,2021,146,3.261,7.8
tm876997,drama/romance,Most Eligible Bachelor,IN,MOVIE,2021,170,5.054,5.7
tm1001095,comedy/horror,Roohi,IN,MOVIE,2021,134,2.615,4.9
tm977620,drama,Asakusa Kid,JP,MOVIE,2021,123,16.881,6.9
tm986017,crime/action/drama/romance,Gatao: The Last Stray,TW,MOVIE,2021,120,6.862,4.5
tm1027639,drama/action/comedy,Annaatthe,IN,MOVIE,2021,163,6.2,7.4
tm1109843,comedy/romance,Meenakshi Sundareshwar,IN,MOVIE,2021,141,2.824,5.2
tm1025318,drama/romance,Ajeeb Daastaans,IN,MOVIE,2021,142,8.167,6.8
tm810657,drama,Uppena,IN,MOVIE,2021,147,2.92,6.3
tm1030071,drama/comedy,Mandela,IN,MOVIE,2021,140,4.446,7.5
tm1091823,thriller/horror,Boomika,IN,MOVIE,2021,122,1.844,6.9
tm1019865,thriller/action/crime,Wild Dog,IN,MOVIE,2021,122,5.085,5.9
tm1024062,drama/thriller/crime,Nayattu,IN,MOVIE,2021,124,4.151,7.6
tm1030241,crime/thriller,Kurup,IN,MOVIE,2021,155,3.829,6.0
tm1024535,horror/music/thriller/crime/drama,The Guardian,VN,MOVIE,2021,127,3.431,4.9
tm1073555,thriller/crime/drama,Thimmarusu: Assignment Vali,IN,MOVIE,2021,127,3.082,7.7
tm855340,drama,Thalaivii,IN,MOVIE,2021,153,5.557,5.8
tm1022280,drama,Maha Samudram,IN,MOVIE,2021,152,1.969,6.3
tm998678,comedy,Aelay,IN,MOVIE,2021,153,1.663,6.3
tm994923,drama/history,"Our Lady of San Juan, Four Centuries of Miracles",MX,MOVIE,2021,122,16.012,7.8
tm856634,crime/comedy/drama/thriller/action,Jagame Thandhiram,GB/IN,MOVIE,2021,158,12.484,6.4
tm1110241,thriller/action,Kaaval,IN,MOVIE,2021,148,2.122,5.3
tm1067260,comedy/drama/thriller,Tughlaq Durbar,IN,MOVIE,2021,145,3.215,6.9
tm886193,drama/action,Laabam,IN,MOVIE,2021,144,2.434,5.0
tm988613,drama,Madam Chief Minister,IN,MOVIE,2021,123,4.103,6.7
tm1122095,comedy/drama/romance,A Naija Christmas,NG,MOVIE,2021,121,40.559,7.0
tm1036797,romance/drama/comedy,Sardar Ka Grandson,IN,MOVIE,2021,139,10.424,7.3
